roc_auc,precision,recall,f1
0.5222531293463143,0.0015,0.6,0.0029925187032418953
