,roc_auc,precision,recall,f1
validation,0.9924543605144622,0.06403788736744569,0.932883389576303,0.11984874394855367
test,0.992620071560469,0.0648243271008835,0.9467366841710427,0.12134032017691457
